City_ID,City,Country,Lat,Lng,Max Temp,Humidity,Cloudiness,Wind Speed,Current Description
0,Avera,US,33.194,-82.5271,65.71,25,0,21.14,clear sky
1,Bluff,NZ,-46.6,168.3333,55.18,81,44,2.26,scattered clouds
2,Brae,GB,60.3964,-1.353,46.98,90,100,12.5,overcast clouds
3,Sioux Lookout,CA,50.1001,-91.917,10.47,56,75,18.41,broken clouds
4,Albany,US,42.6001,-73.9662,47.88,79,100,7.02,moderate rain
5,Lavrentiya,RU,65.5833,-171.0,5.85,97,99,1.32,overcast clouds
6,Coquimbo,CL,-29.9533,-71.3436,67.73,63,40,11.5,scattered clouds
7,Rafaela,AR,-31.2503,-61.4867,77.99,38,0,1.99,clear sky
8,Mahebourg,MU,-20.4081,57.7,80.89,83,40,5.75,scattered clouds
9,Marawi,PH,7.9986,124.2928,67.69,98,100,2.73,overcast clouds
10,Torbay,CA,47.6666,-52.7314,39.76,96,100,5.75,light intensity drizzle
11,Ust-Nera,RU,64.5667,143.2,-8.75,99,99,3.06,overcast clouds
12,Jamestown,US,42.097,-79.2353,38.52,58,100,16.11,overcast clouds
13,Butaritari,KI,3.0707,172.7902,80.91,73,100,13.71,overcast clouds
14,Geraldton,AU,-28.7667,114.6,73.81,88,40,8.05,scattered clouds
15,Qaanaaq,GL,77.484,-69.3632,1.45,92,99,3.83,overcast clouds
16,Airai,TL,-8.9266,125.4092,58.95,88,95,1.19,overcast clouds
17,Hofn,IS,64.2539,-15.2082,44.73,96,100,10.83,overcast clouds
18,Thompson,CA,55.7435,-97.8558,-0.24,46,0,13.8,clear sky
19,Floriano,BR,-6.7669,-43.0225,88.75,59,19,4.14,few clouds
20,Tuatapere,NZ,-46.1333,167.6833,51.42,91,29,1.5,scattered clouds
21,Vaini,TO,-21.2,-175.2,75.36,83,40,5.75,scattered clouds
22,Hirara,JP,24.8,125.2833,68.99,91,100,21.7,overcast clouds
23,New Norfolk,AU,-42.7826,147.0587,55.92,82,3,2.51,clear sky
24,Barrow,US,71.2906,-156.7887,-2.18,78,0,18.41,haze
25,Martapura,ID,-3.4167,114.85,77.09,94,75,1.14,broken clouds
26,Indramayu,ID,-6.3264,108.32,78.01,85,100,7.11,overcast clouds
27,Saint George,US,37.1041,-113.5841,82.63,15,0,3.44,clear sky
28,Kodiak,US,57.79,-152.4072,38.71,81,75,0.0,broken clouds
29,Beyneu,KZ,45.3167,55.2,36.68,85,100,14.63,overcast clouds
30,Puerto Ayora,EC,-0.7393,-90.3518,80.56,74,53,9.95,light rain
31,Darasun,RU,51.6667,114.0,4.69,91,4,2.73,clear sky
32,Rikitea,PF,-23.1203,-134.9692,79.3,72,4,12.5,clear sky
33,Luderitz,NA,-26.6481,15.1594,65.48,70,0,7.34,clear sky
34,Ponta Do Sol,PT,32.6667,-17.1,66.06,73,100,14.99,overcast clouds
35,San Jose,US,37.3394,-121.895,75.54,51,40,8.05,scattered clouds
36,Ushuaia,AR,-54.8,-68.3,49.66,81,75,6.91,light intensity drizzle
37,Natal,BR,-5.795,-35.2094,84.42,74,75,9.22,broken clouds
38,Cayenne,GF,4.9333,-52.3333,82.44,1,75,9.22,light rain
39,Banjar,ID,-8.19,114.9675,77.11,89,59,3.31,broken clouds
40,Port-Cartier,CA,50.0334,-66.8654,32.76,98,99,6.55,light snow
41,Sao Filipe,CV,14.8961,-24.4956,70.47,75,72,12.08,broken clouds
42,Loandjili,CG,-4.7561,11.8578,80.71,89,20,5.75,thunderstorm
43,Vila Velha,BR,-20.3297,-40.2925,87.75,74,0,17.27,clear sky
44,Hasaki,JP,35.7333,140.8333,61.29,94,100,14.99,overcast clouds
45,Iqaluit,CA,63.7506,-68.5145,24.53,79,40,13.8,scattered clouds
46,Honningsvag,NO,70.9821,25.9704,24.55,86,75,24.16,light snow
47,Toktogul,KG,41.8708,72.9402,44.78,93,100,1.59,light rain
48,Victoria,HK,22.2855,114.1577,76.95,91,77,11.01,broken clouds
49,Havre-Saint-Pierre,CA,50.2334,-63.5986,32.36,93,100,16.11,overcast clouds
50,Hermanus,ZA,-34.4187,19.2345,62.8,75,88,13.22,overcast clouds
51,Grand Forks,US,47.9417,-97.4337,19.33,45,20,23.02,few clouds
52,Altamira,BR,-3.2033,-52.2064,91.49,62,75,3.44,broken clouds
53,Venado Tuerto,AR,-33.7456,-61.9688,73.76,39,0,7.45,clear sky
54,Yellowknife,CA,62.456,-114.3525,4.41,58,75,14.97,broken clouds
55,Ribeira Grande,PT,38.5167,-28.7,59.4,82,40,16.11,mist
56,Punta Arenas,CL,-53.15,-70.9167,53.71,66,100,0.0,light intensity shower rain
57,Bambous Virieux,MU,-20.3428,57.7575,80.85,83,40,5.75,scattered clouds
58,Guerrero Negro,MX,27.9769,-114.0611,74.8,43,71,8.5,broken clouds
59,Kedrovyy,RU,56.1667,91.8167,21.61,93,100,10.45,overcast clouds
60,Busselton,AU,-33.65,115.3333,63.88,82,97,18.28,overcast clouds
61,Tuktoyaktuk,CA,69.4541,-133.0374,-9.4,64,40,12.66,scattered clouds
62,Cagliliog,PH,13.9016,123.2913,77.54,85,7,6.87,clear sky
63,Dikson,RU,73.5069,80.5464,-4.54,93,100,14.2,overcast clouds
64,Mount Gambier,AU,-37.8333,140.7667,46.31,93,75,5.75,fog
65,Cabedelo,BR,-6.9811,-34.8339,83.07,79,95,6.93,overcast clouds
66,Upernavik,GL,72.7868,-56.1549,12.67,92,100,5.39,overcast clouds
67,Atuona,PF,-9.8,-139.0333,79.3,78,50,16.62,light rain
68,Ingham,US,42.6,-84.3833,33.03,78,100,19.57,overcast clouds
69,Norman Wells,CA,65.282,-126.8329,1.44,55,20,8.05,few clouds
70,Galesong,ID,-5.3166,119.3661,77.02,84,100,3.11,overcast clouds
71,Mokrous,RU,51.2333,47.5167,35.49,80,98,17.54,overcast clouds
72,Cape Town,ZA,-33.9258,18.4232,68.41,65,0,8.05,clear sky
73,Pevek,RU,69.7008,170.3133,-4.22,98,100,8.01,overcast clouds
74,Lorengau,PG,-2.0226,147.2712,81.27,77,100,7.76,overcast clouds
75,San Policarpo,PH,12.1791,125.5072,79.86,83,100,11.56,overcast clouds
76,Saint-Pierre,RE,-21.3393,55.4781,78.48,74,0,5.75,clear sky
77,Bethel,US,41.3712,-73.414,52.52,80,100,6.91,light rain
78,Mindelo,CV,16.8901,-24.9804,72.95,56,75,5.75,broken clouds
79,Avarua,CK,-21.2078,-159.775,78.85,89,75,6.91,light rain
80,Balaguer,ES,41.7912,0.8109,49.15,96,100,3.29,light rain
81,Acurenam,GQ,1.0322,10.6488,71.1,90,94,2.19,overcast clouds
82,Olafsvik,IS,64.8945,-23.7142,37.58,84,100,20.76,overcast clouds
83,Alofi,NU,-19.0595,-169.9187,78.69,94,100,6.91,overcast clouds
84,Poronaysk,RU,49.2167,143.1167,30.02,98,100,12.17,snow
85,Whitehorse,CA,60.7161,-135.0538,34.11,55,75,5.75,broken clouds
86,Filadelfia,US,39.9523,-75.1638,56.01,45,75,23.02,broken clouds
87,Berlevag,NO,70.8578,29.0864,22.8,66,100,25.61,light snow
88,Vigrestad,NO,58.5667,5.7,41.95,83,92,13.56,overcast clouds
89,Mataura,NZ,-46.1927,168.8643,48.15,98,27,0.69,scattered clouds
90,Tigil,RU,57.8,158.6667,7.36,95,100,5.68,overcast clouds
91,Port Elizabeth,ZA,-33.918,25.5701,66.49,85,100,3.44,overcast clouds
92,Sitka,US,57.0531,-135.33,39.09,70,20,4.61,few clouds
93,Tucurui,BR,-3.7661,-49.6725,82.85,84,49,3.2,light rain
94,Nioro,GM,13.35,-15.75,85.28,23,5,12.44,clear sky
95,Port Alfred,ZA,-33.5906,26.891,65.17,84,100,3.0,overcast clouds
96,Atherton,GB,53.5237,-2.4935,59.25,58,92,1.99,overcast clouds
97,Lebu,CL,-37.6167,-73.65,61.18,70,72,6.38,broken clouds
98,Quelimane,MZ,-17.8786,36.8883,80.55,83,20,5.75,few clouds
99,Aklavik,CA,68.2191,-135.0107,-2.2,65,20,8.05,few clouds
100,Mehamn,NO,71.0357,27.8492,23.7,67,100,24.34,light snow
101,Joao Pinheiro,BR,-17.7425,-46.1725,82.53,54,65,4.12,broken clouds
102,Chokurdakh,RU,70.6333,147.9167,-2.31,97,100,8.84,overcast clouds
103,Manjacaze,MZ,-24.7117,33.8828,68.14,97,97,3.15,overcast clouds
104,Porto Santo,PT,33.072,-16.3415,62.98,77,40,12.66,scattered clouds
105,Hilo,US,19.7297,-155.09,78.24,73,100,4.61,overcast clouds
106,Kapaa,US,22.0752,-159.319,76.19,65,75,16.11,broken clouds
107,Hithadhoo,MV,-0.6,73.0833,83.17,69,0,12.62,clear sky
108,Itamaraca,BR,-7.7478,-34.8256,84.25,79,87,5.68,moderate rain
109,Moron,AR,-34.6534,-58.6198,74.01,67,15,8.77,few clouds
110,Namibe,AO,-15.1961,12.1522,72.64,77,12,8.93,few clouds
111,Marysville,US,48.0518,-122.1771,60.67,67,100,11.5,overcast clouds
112,Nanortalik,GL,60.1432,-45.2371,29.16,81,6,2.59,clear sky
113,Carnarvon,AU,-24.8667,113.6333,77.07,69,100,5.75,overcast clouds
114,Roebourne,AU,-20.7833,117.1333,82.26,70,41,10.71,scattered clouds
115,Jishou,CN,28.3167,109.7167,51.3,97,100,2.73,overcast clouds
116,Fairbanks,US,64.8378,-147.7164,34.83,62,75,1.01,broken clouds
117,Qaqortoq,GL,60.7167,-46.0333,26.28,71,36,1.54,scattered clouds
118,East London,ZA,-33.0153,27.9116,66.78,89,96,11.43,light rain
119,George Town,MY,5.4112,100.3354,82.33,88,20,2.3,few clouds
120,Laguna,US,38.421,-121.4238,79.18,51,0,5.75,clear sky
121,Lagoa,PT,39.05,-27.9833,59.38,87,100,23.04,overcast clouds
122,Pangnirtung,CA,66.1451,-65.7125,26.6,54,75,9.22,broken clouds
123,Tasiilaq,GL,65.6145,-37.6368,28.56,71,2,2.68,clear sky
124,Biak,ID,-0.9131,122.8766,75.96,82,99,2.62,overcast clouds
125,Nikolskoye,RU,59.7035,30.7861,26.87,85,100,20.33,light snow
126,Piura,PE,-5.2,-80.6333,85.64,49,100,6.17,overcast clouds
127,Mar Del Plata,AR,-38.0023,-57.5575,64.42,92,100,17.0,overcast clouds
128,Vila,PT,42.0304,-8.1588,50.88,79,75,3.65,broken clouds
129,Kloulklubed,PW,7.0419,134.2556,82.9,76,100,14.09,moderate rain
130,Diu,IN,20.7141,70.9822,80.06,52,0,12.15,clear sky
131,Khilok,RU,51.3674,110.4676,4.82,94,59,3.69,broken clouds
132,Umea,SE,63.8284,20.2597,28.33,40,0,5.75,clear sky
133,Koroni,GR,36.8,21.95,57.07,66,0,1.68,clear sky
134,Mogoytuy,RU,51.2833,114.9167,16.92,63,2,6.17,clear sky
135,Ilulissat,GL,69.2167,-51.1,15.82,67,75,0.0,broken clouds
136,Hobart,AU,-42.8794,147.3294,56.26,94,75,5.75,fog
137,Ous,RU,60.9058,61.5186,22.69,88,100,10.69,overcast clouds
138,Egvekinot,RU,66.3167,-179.1667,5.13,95,99,0.43,overcast clouds
139,Floro,NO,61.5996,5.0328,42.22,70,100,11.5,overcast clouds
140,Codrington,AU,-38.2667,141.9667,55.09,73,0,4.81,clear sky
141,Hargeysa,SO,9.56,44.065,64.96,90,31,10.65,scattered clouds
142,Bilma,NE,18.6853,12.9164,76.39,11,56,6.96,broken clouds
143,Khorixas,NA,-20.3667,14.9667,72.68,61,0,9.24,clear sky
144,Souillac,MU,-20.5167,57.5167,80.98,83,40,5.75,scattered clouds
145,Cheremnoye,RU,53.1697,83.2133,16.39,95,100,6.26,overcast clouds
146,Vizinga,RU,61.0749,50.1031,32.72,98,100,9.82,snow
147,La Plaine,DM,15.3333,-61.25,82.69,65,20,9.22,few clouds
148,San Quintin,MX,30.4833,-115.95,67.93,65,43,9.82,scattered clouds
149,Excelsior Springs,US,39.3392,-94.2261,55.72,21,0,16.11,clear sky
150,Fortuna,US,40.5982,-124.1573,67.93,63,0,3.0,clear sky
151,Ishinomaki,JP,38.4167,141.3,55.0,83,100,14.67,light rain
152,Khatanga,RU,71.9667,102.5,-12.98,100,58,7.49,broken clouds
153,Ust-Maya,RU,60.4167,134.5333,-13.04,100,100,1.41,overcast clouds
154,Deder,ET,9.3167,41.45,58.21,79,100,5.32,overcast clouds
155,Sheltozero,RU,61.3667,35.3667,21.97,82,100,29.55,overcast clouds
156,Long Beach,US,33.767,-118.1892,82.83,73,0,6.91,haze
157,Kita,ML,13.0349,-9.4895,93.76,13,6,4.97,clear sky
158,Tazmalt,DZ,36.3868,4.3989,56.61,80,61,6.11,broken clouds
159,Itarema,BR,-2.9248,-39.9167,81.3,80,100,11.23,overcast clouds
160,Keskin,TR,39.6731,33.6136,30.27,66,4,2.3,clear sky
161,Salalah,OM,17.0151,54.0924,77.38,48,10,1.23,clear sky
162,Bodden Town,KY,19.2833,-81.25,79.0,80,75,8.05,broken clouds
163,Puerto Colombia,CO,10.9878,-74.9547,87.89,77,40,20.49,scattered clouds
164,Kaitangata,NZ,-46.2817,169.8464,49.46,94,33,3.22,scattered clouds
165,Stornoway,GB,58.2093,-6.3865,47.03,84,100,5.75,overcast clouds
166,Ovre Ardal,NO,61.3167,7.8,25.9,99,100,1.7,overcast clouds
167,Bubaque,GW,11.2833,-15.8333,76.87,67,3,22.41,clear sky
168,Muli,MV,2.9167,73.5667,81.93,63,17,6.08,few clouds
169,Arraial Do Cabo,BR,-22.9661,-42.0278,91.36,66,0,18.41,clear sky
170,Kavaratti,IN,10.5669,72.642,81.82,70,1,2.3,clear sky
171,Zhanaozen,KZ,43.3,52.8,36.01,88,93,11.12,overcast clouds
172,Namatanai,PG,-3.6667,152.4333,78.91,82,100,3.24,overcast clouds
173,At-Bashi,KG,41.1702,75.8106,36.32,69,100,7.81,overcast clouds
174,Bengkulu,ID,-3.8004,102.2655,76.08,90,75,7.63,broken clouds
175,Gat,IL,31.61,34.7642,54.39,100,0,3.2,clear sky
176,Kozhevnikovo,RU,56.2589,83.9714,-2.06,100,59,2.55,broken clouds
177,Georgetown,MY,5.4112,100.3354,82.33,88,20,2.3,few clouds
178,Suntar,RU,62.1444,117.6319,-0.56,100,95,2.59,overcast clouds
179,Port Macquarie,AU,-31.4333,152.9167,64.29,100,75,1.14,light rain
180,Harper,LR,4.375,-7.7169,80.26,84,87,8.23,moderate rain
181,Antalaha,MG,-14.9003,50.2788,76.89,90,8,4.94,clear sky
182,Yerbogachen,RU,61.2767,108.0108,17.6,89,100,8.23,overcast clouds
183,Severo-Kurilsk,RU,50.6789,156.125,27.93,86,99,9.08,overcast clouds
184,Mahajanga,MG,-15.7167,46.3167,80.62,89,20,4.61,few clouds
185,Corvallis,US,44.5646,-123.262,67.06,70,0,3.44,clear sky
186,Zyryanka,RU,65.75,150.85,-5.01,97,100,3.83,overcast clouds
187,Vila Franca Do Campo,PT,37.7167,-25.4333,61.21,87,100,22.46,overcast clouds
188,Abalak,RU,58.1286,68.5944,4.21,96,41,5.97,scattered clouds
189,Mandalgovi,MN,45.7625,106.2708,23.54,22,0,10.49,clear sky
190,Narsaq,GL,60.9167,-46.05,30.42,72,31,0.87,scattered clouds
191,Nerang,AU,-27.9833,153.3333,69.58,95,91,2.66,light rain
192,Buala,SB,-8.145,159.5921,77.79,85,88,3.33,moderate rain
193,Novo Horizonte,BR,-21.4681,-49.2208,80.82,71,59,6.17,broken clouds
194,Champerico,GT,14.3,-91.9167,93.74,63,35,13.15,scattered clouds
195,Hambantota,LK,6.1241,81.1185,77.9,84,5,3.49,clear sky
196,Cidreira,BR,-30.1811,-50.2056,72.77,65,95,10.67,overcast clouds
197,Dunedin,NZ,-45.8742,170.5036,61.81,90,63,1.01,broken clouds
198,Nuuk,GL,64.1835,-51.7216,25.41,68,20,15.01,few clouds
199,Poum,NC,-20.2333,164.0167,79.84,74,64,14.47,broken clouds
200,Silifke,TR,36.3778,33.9344,50.9,41,1,13.69,clear sky
201,Havelock,US,34.8791,-76.9013,64.4,48,40,21.85,scattered clouds
202,Korla,CN,41.7597,86.1469,46.35,48,100,2.91,overcast clouds
203,Byron Bay,AU,-28.65,153.6167,66.09,95,100,5.14,light rain
204,Horadiz,AZ,39.4488,47.3353,46.72,62,98,5.37,overcast clouds
205,Caninde,BR,-4.3589,-39.3117,78.58,84,100,4.94,moderate rain
206,Oakdale,US,44.963,-92.9649,32.65,38,0,19.57,clear sky
207,Ancud,CL,-41.8697,-73.8203,55.22,92,96,20.18,moderate rain
208,Umm Lajj,SA,25.0213,37.2685,67.73,48,0,21.3,clear sky
209,Qafqafa,JO,32.3483,35.9395,45.75,67,0,5.5,clear sky
210,Saldanha,ZA,-33.0117,17.9442,69.85,80,95,7.38,overcast clouds
211,Sur,OM,22.5667,59.5289,82.13,36,0,10.78,clear sky
212,Sistranda,NO,63.7256,8.834,33.76,98,100,9.04,light snow
213,Ambon,ID,-3.6954,128.1814,75.34,100,40,5.75,scattered clouds
214,Pontes E Lacerda,BR,-15.2261,-59.3353,80.02,75,99,2.71,overcast clouds
215,Balgarovo,BG,42.6214,27.3046,47.44,65,0,6.91,clear sky
216,Linhares,BR,-19.3911,-40.0722,82.36,69,85,6.64,overcast clouds
217,Broken Hill,AU,-31.95,141.4333,60.51,67,0,10.36,clear sky
218,Kuhdasht,IR,33.535,47.6061,42.57,52,2,1.97,clear sky
219,Gambela,ET,8.25,34.5833,87.13,24,58,0.87,broken clouds
220,Havoysund,NO,70.9963,24.6622,25.03,63,100,20.92,light snow
221,Lata,PT,40.1629,-8.3327,57.24,68,57,4.81,broken clouds
222,Dongsheng,CN,39.8161,109.9776,26.06,31,0,3.69,clear sky
223,Ayagoz,KZ,47.9714,80.4392,24.24,92,100,2.55,light snow
224,Monrovia,LR,6.3005,-10.7969,73.17,85,74,7.81,broken clouds
225,Samarai,PG,-10.6167,150.6667,81.73,76,100,4.43,overcast clouds
226,Acambay,MX,19.9558,-99.8417,71.56,12,3,12.26,clear sky
227,Chuy,UY,-33.6971,-53.4616,70.0,67,83,14.25,broken clouds
228,Ghanzi,BW,-21.5667,21.7833,72.68,59,46,6.64,scattered clouds
229,Cabo San Lucas,MX,22.8909,-109.9124,86.31,30,0,6.91,clear sky
230,Asau,RO,46.4333,26.4,51.28,60,93,13.2,overcast clouds
231,Yei,SS,4.095,30.6779,72.72,72,99,3.24,light rain
232,Sosnovo-Ozerskoye,RU,52.5249,111.5418,-7.83,98,78,2.48,broken clouds
233,Poso,ID,-1.3959,120.7524,76.95,80,100,3.56,overcast clouds
234,Port Hardy,CA,50.6996,-127.4199,46.58,87,100,10.36,light rain
235,Zaysan,KZ,47.4667,84.8667,28.83,80,100,1.81,overcast clouds
236,Raga,SS,8.4596,25.678,79.84,12,100,5.95,overcast clouds
237,Zurrieq,MT,35.8311,14.4742,57.96,88,20,25.32,few clouds
238,Bredasdorp,ZA,-34.5322,20.0403,64.02,73,58,12.95,broken clouds
239,Tessalit,ML,20.1986,1.0114,90.3,11,100,10.98,overcast clouds
240,Talnakh,RU,69.4865,88.3972,20.21,77,100,4.54,overcast clouds
241,Sola,VU,-13.8833,167.55,82.44,72,97,8.39,moderate rain
242,Dongying,CN,37.4564,118.4856,45.79,48,0,14.99,clear sky
243,Bandarbeyla,SO,9.4942,50.8122,77.38,62,28,10.22,scattered clouds
244,Mount Isa,AU,-20.7333,139.5,64.17,82,4,0.0,light rain
245,Castro,BR,-24.7911,-50.0119,73.08,76,95,6.33,overcast clouds
246,Porto Novo,BJ,6.4965,2.6036,84.02,79,100,9.82,overcast clouds
247,Bilibino,RU,68.0546,166.4372,-6.07,99,100,2.93,overcast clouds
248,Lasa,IT,46.6166,10.7002,47.28,68,5,0.65,clear sky
249,Kahului,US,20.8947,-156.47,71.96,89,75,11.5,light rain
250,Minnedosa,CA,50.2453,-99.8436,10.96,60,30,5.84,scattered clouds
251,Vestmannaeyjar,IS,63.4427,-20.2734,46.76,92,100,19.06,light rain
252,Moerai,PF,-22.4333,-151.3333,81.01,74,85,10.58,overcast clouds
253,Abu Dhabi,AE,24.4667,54.3667,75.31,70,0,9.22,clear sky
254,Camacha,PT,33.0833,-16.3333,60.22,77,40,12.66,scattered clouds
255,Saskylakh,RU,71.9167,114.0833,-24.93,100,100,2.77,overcast clouds
256,Riohacha,CO,11.5444,-72.9072,84.31,74,20,11.5,few clouds
257,Palmer,US,42.1584,-72.3287,51.35,78,100,1.01,overcast clouds
258,Manyana,BW,-23.4,21.7167,74.07,53,96,6.53,overcast clouds
259,Port Victoria,KE,0.0939,33.9756,69.57,79,100,8.3,overcast clouds
260,Aden,YE,12.7794,45.0367,78.85,77,5,10.31,clear sky
261,Hamilton,US,39.1834,-84.5333,38.88,67,100,19.57,overcast clouds
262,Klyuchevskiy,RU,53.5317,119.4519,7.88,97,43,4.09,scattered clouds
263,Gombong,ID,-7.6072,109.5142,76.93,91,100,1.86,overcast clouds
264,Bako,ET,5.7833,36.5667,65.62,77,100,3.62,overcast clouds
265,Saint-Philippe,RE,-21.3585,55.7679,78.39,86,29,7.81,scattered clouds
266,Osa,RU,57.2829,55.4567,31.01,90,100,18.39,overcast clouds
267,Kathmandu,NP,27.7167,85.3167,61.02,55,20,3.44,few clouds
268,Ust-Kuyga,RU,70.0167,135.6,-14.71,100,100,5.32,overcast clouds
269,Soldato-Aleksandrovskoye,RU,44.2653,43.7561,37.69,80,75,8.19,broken clouds
270,Hobyo,SO,5.3505,48.5268,80.78,67,29,15.01,scattered clouds
271,Bereda,ES,43.2686,-7.5406,57.58,86,100,2.42,overcast clouds
272,Sept-Iles,CA,50.2001,-66.3821,33.06,92,100,10.36,mist
273,Ibra,OM,22.6906,58.5334,75.67,18,0,4.47,clear sky
274,Sao Francisco De Assis,BR,-29.5503,-55.1311,71.06,60,100,10.58,overcast clouds
275,Tura,IN,25.5198,90.2201,69.37,84,3,6.33,clear sky
276,Pacific Grove,US,36.6177,-121.9166,67.39,81,40,6.91,scattered clouds
277,Rawson,AR,-43.3002,-65.1023,75.2,31,0,21.56,clear sky
278,Buritizeiro,BR,-17.3511,-44.9622,88.34,40,76,4.03,broken clouds
279,San Vicente,AR,-26.6167,-54.1333,75.7,42,0,4.68,clear sky
280,Severo-Yeniseyskiy,RU,60.3725,93.0408,8.42,89,100,13.09,overcast clouds
281,Badou,TG,7.5833,0.6,78.75,74,98,3.24,overcast clouds
282,Yeppoon,AU,-23.1333,150.7333,69.58,73,63,7.38,broken clouds
283,Klaksvik,FO,62.2266,-6.589,47.32,82,100,24.25,overcast clouds
284,Touros,BR,-5.1989,-35.4608,79.65,83,100,9.1,overcast clouds
285,Biltine,TD,14.5333,20.9167,77.52,10,5,20.76,clear sky
286,Okato,NZ,-39.2,173.8833,60.91,70,36,15.88,scattered clouds
287,Nemuro,JP,43.3236,145.575,41.27,99,100,26.98,moderate rain
288,Kpandae,GH,8.4689,-0.0113,92.61,40,65,12.37,broken clouds
289,Tamworth,GB,52.634,-1.6959,55.72,73,19,7.83,few clouds
290,Boddam,GB,57.4667,-1.7833,47.64,82,16,5.14,few clouds
291,Santa Rosa,PH,14.3122,121.1114,83.1,75,5,6.06,clear sky
292,Kijang,KR,35.2442,129.2139,51.53,77,100,2.68,overcast clouds
293,Chicama,PE,-7.8447,-79.1469,70.34,61,99,9.73,overcast clouds
294,Kulhudhuffushi,MV,6.6221,73.07,81.72,67,0,4.23,clear sky
295,Gamba,GA,-2.65,10.0,78.26,90,100,6.85,moderate rain
296,Svetlogorsk,BY,52.6333,29.7333,35.78,58,10,20.78,clear sky
297,Bloemfontein,ZA,-29.1211,26.214,56.68,77,0,3.44,clear sky
298,Ondjiva,AO,-17.0667,15.7333,70.54,41,11,4.72,few clouds
299,Yarmouth,US,41.7057,-70.2286,54.61,70,100,9.22,light rain
300,Leningradskiy,RU,69.3833,178.4167,-6.92,84,2,4.88,clear sky
301,Dingle,PH,10.9995,122.6711,76.1,90,89,6.42,overcast clouds
302,Rabat,MA,33.9911,-6.8401,60.87,88,40,5.75,scattered clouds
303,Tabuk,PH,17.4189,121.4443,73.6,84,19,1.86,few clouds
304,Tiksi,RU,71.6872,128.8694,-13.5,100,99,3.36,overcast clouds
305,Atasu,KZ,48.6814,71.6433,33.08,92,100,4.99,overcast clouds
306,Saint-Martin-Boulogne,FR,50.7269,1.6186,53.6,81,0,12.64,clear sky
307,Ashtian,IR,34.5217,50.0019,35.35,43,0,9.95,clear sky
308,Trinidad,BO,-14.8333,-64.9,78.78,57,75,5.75,broken clouds
309,Dole,FR,47.0833,5.5,58.91,41,0,9.22,clear sky
310,Xudat,AZ,41.631,48.681,38.97,89,51,6.46,broken clouds
311,Paracin,RS,43.8608,21.4078,50.88,53,1,1.61,clear sky
312,Krasnoselkup,RU,65.7,82.4667,6.6,92,100,18.61,overcast clouds
313,Kangundo,KE,-1.2979,37.3471,66.54,81,62,3.24,moderate rain
314,Pabrade,LT,55.0,25.7833,35.19,74,100,17.78,overcast clouds
315,Hakkari,TR,37.5833,44.1667,18.18,97,99,1.54,overcast clouds
316,Vung Tau,VN,10.346,107.0843,81.5,78,0,8.23,clear sky
317,Bathsheba,BB,13.2167,-59.5167,84.81,61,40,20.71,scattered clouds
318,Baruun-Urt,MN,46.6806,113.2792,18.54,49,0,6.6,clear sky
319,Ailigandi,PA,9.2333,-78.0167,81.57,75,99,11.52,overcast clouds
320,Pemangkat,ID,1.1667,108.9667,79.56,83,96,4.79,moderate rain
321,Kirakira,SB,-10.4544,161.9205,79.52,85,92,5.03,overcast clouds
322,Ribas Do Rio Pardo,BR,-20.4431,-53.7592,74.73,85,99,6.98,overcast clouds
323,Harur,IN,12.0667,78.5,76.28,88,0,4.21,clear sky
324,Sobolevo,RU,54.4299,31.8996,30.45,73,94,20.83,overcast clouds
325,Kalemie,CD,-5.9475,29.1947,72.63,84,57,1.3,broken clouds
326,Naze,JP,28.3667,129.4833,59.92,81,100,9.93,overcast clouds
327,Necochea,AR,-38.5473,-58.7368,63.27,88,99,17.45,overcast clouds
328,Meulaboh,ID,4.1363,96.1285,78.46,82,98,3.76,overcast clouds
329,Bulaevo,KZ,54.9056,70.4439,3.63,97,100,7.63,overcast clouds
330,Buchanan,LR,5.8808,-10.0467,77.85,91,98,6.6,heavy intensity rain
331,Saint-Joseph,RE,-21.3667,55.6167,77.38,86,24,7.2,few clouds
332,Concepcion Del Oro,MX,24.6333,-101.4167,69.89,9,79,4.14,broken clouds
333,Petropavlovsk-Kamchatskiy,RU,53.0452,158.6483,12.79,73,0,11.18,clear sky
334,El Escorial,ES,40.5914,-4.1474,49.44,84,97,3.15,overcast clouds
335,Quatre Cocos,MU,-20.2078,57.7625,80.71,81,14,10.89,few clouds
336,Anadyr,RU,64.75,177.4833,7.3,84,40,6.71,light snow
337,Obuasi,GH,6.206,-1.6619,72.1,95,100,2.57,moderate rain
338,Ketchikan,US,55.3422,-131.6461,45.07,76,20,11.5,few clouds
339,Luanda,AO,-8.8368,13.2343,78.8,78,75,1.14,broken clouds
340,Sinnamary,GF,5.3833,-52.95,79.84,78,84,13.51,broken clouds
341,Manavalakurichi,IN,8.1333,77.3,78.93,81,100,3.29,overcast clouds
342,Nalut,LY,30.3333,10.85,70.27,13,7,26.73,clear sky
343,College,US,64.8569,-147.8028,34.81,62,75,0.0,broken clouds
344,Iquique,CL,-20.2208,-70.1431,71.64,70,8,10.02,clear sky
345,San Patricio,US,28.017,-97.5169,91.49,22,3,11.56,clear sky
346,Esperance,AU,-33.8667,121.9,66.04,89,100,6.55,overcast clouds
347,Saint-Jean-Port-Joli,CA,47.2171,-70.2658,38.88,98,100,1.1,light snow
348,Provideniya,RU,64.3833,-173.3,15.64,94,100,1.83,overcast clouds
349,Half Moon Bay,US,37.4636,-122.4286,73.62,73,20,11.5,mist
350,Portree,GB,57.4129,-6.1942,43.52,83,1,0.16,clear sky
351,Iringa,TZ,-7.7667,35.7,59.83,95,7,4.63,clear sky
352,Okhotsk,RU,59.3833,143.3,-4.45,97,50,7.25,scattered clouds
353,Maceio,BR,-9.6658,-35.7353,85.44,70,75,13.8,broken clouds
354,Coihaique,CL,-45.5752,-72.0662,64.35,42,75,6.91,light intensity shower rain
355,Casino,AU,-28.8667,153.05,65.79,100,100,5.75,overcast clouds
356,Oda,JP,35.1833,132.5,49.66,81,100,7.02,overcast clouds
357,Monkey Bay,MW,-14.0728,34.9201,79.07,76,55,2.86,broken clouds
358,San Jeronimo,PE,-11.9472,-75.2829,59.34,65,100,2.98,overcast clouds
359,Panambi,BR,-28.2925,-53.5017,68.9,75,97,8.46,overcast clouds
360,Monastyrshchina,RU,54.3496,31.838,30.67,73,95,21.39,overcast clouds
361,Longyearbyen,SJ,78.2186,15.6401,-2.36,71,20,10.36,few clouds
362,Klaeng,TH,12.7797,101.6483,87.94,100,8,4.16,clear sky
363,La Ronge,CA,55.1001,-105.2842,1.62,38,0,6.91,clear sky
364,Kuryk,KZ,43.2,51.65,40.95,80,89,11.12,overcast clouds
365,Clarence Town,AU,-32.5833,151.7833,64.56,96,100,0.51,light rain
366,Bolobo,CD,-2.1667,16.2333,76.57,83,100,0.74,overcast clouds
367,Cherskiy,RU,68.75,161.3,-10.73,98,100,5.64,overcast clouds
368,Teguldet,RU,57.3064,88.1667,13.21,91,100,8.66,overcast clouds
369,Vilyuysk,RU,63.7553,121.6247,9.32,100,100,2.33,overcast clouds
370,Takoradi,GH,4.8845,-1.7554,81.73,78,100,6.46,light rain
371,Piacabucu,BR,-10.4056,-36.4344,81.86,67,28,7.11,scattered clouds
372,Grafton,US,42.207,-71.6856,54.84,54,100,12.66,overcast clouds
373,Oranjemund,NA,-28.55,16.4333,60.89,82,0,4.85,clear sky
374,Kutum,SD,14.2,24.6667,64.74,12,2,16.22,clear sky
375,Te Anau,NZ,-45.4167,167.7167,49.14,95,59,0.72,broken clouds
376,Ambilobe,MG,-13.2,49.05,74.88,97,7,2.48,clear sky
377,San Lawrenz,MT,36.0553,14.204,57.85,85,98,8.99,overcast clouds
378,Nurota,UZ,40.5614,65.6886,44.71,58,5,10.16,clear sky
379,Dakar,SN,14.6937,-17.4441,72.48,80,24,14.88,few clouds
380,Nabire,ID,-3.3667,135.4833,75.2,91,100,3.24,light rain
381,Goderich,CA,43.7501,-81.7165,34.92,86,100,16.11,overcast clouds
382,Faanui,PF,-16.4833,-151.75,81.68,73,9,13.8,clear sky
383,Kavieng,PG,-2.5744,150.7967,81.64,74,100,4.9,overcast clouds
384,Portland,US,45.5234,-122.6762,66.97,70,75,5.75,broken clouds
385,Umm Kaddadah,SD,13.6017,26.6876,68.2,11,97,15.46,overcast clouds
386,Fruitvale,US,39.0817,-108.4968,76.93,19,0,5.01,clear sky
387,Isla Mujeres,MX,21.2311,-86.731,80.65,51,95,13.22,overcast clouds
388,Katsuura,JP,35.1333,140.3,66.22,95,100,19.26,overcast clouds
389,Krasnyy Yar,RU,46.5331,48.3456,39.13,66,63,14.14,broken clouds
390,Sheregesh,RU,52.9209,87.9869,16.27,99,100,1.95,overcast clouds
391,Shiyan,CN,32.6475,110.7781,54.5,54,100,3.91,overcast clouds
392,Nelson Bay,AU,-32.7167,152.15,68.0,97,100,7.45,overcast clouds
393,Oranjestad,AW,12.524,-70.027,85.95,66,75,21.85,broken clouds
394,Husavik,IS,66.0449,-17.3389,41.5,89,100,14.27,overcast clouds
395,Leh,IN,34.1667,77.5833,16.02,49,0,3.47,clear sky
396,Papara,BR,-3.9839,-38.7273,79.2,96,100,2.46,overcast clouds
397,Batagay,RU,67.6333,134.6333,-6.3,99,100,4.29,overcast clouds
398,Saint Anthony,US,45.0205,-93.218,33.15,37,0,23.02,clear sky
399,Arani,IN,12.6667,79.2833,78.67,85,0,4.94,clear sky
400,Jogbani,IN,26.4167,87.25,72.07,16,0,2.73,clear sky
401,Urumqi,CN,43.801,87.6005,38.35,52,0,2.24,clear sky
402,Saravan,AM,39.7196,45.6483,19.26,81,26,6.4,scattered clouds
403,Jishui,CN,33.7333,115.4,49.42,68,100,8.46,overcast clouds
404,Pokhara,NP,28.2333,83.9833,66.94,21,0,7.18,clear sky
405,Antofagasta,CL,-23.65,-70.4,69.08,72,21,8.95,few clouds
406,Clyde River,CA,70.4692,-68.5914,-1.97,84,100,5.75,light snow
407,Rio Grande,BR,-32.035,-52.0986,77.11,62,81,14.97,broken clouds
408,Sabang,ID,5.8933,95.3214,82.94,73,12,8.32,few clouds
409,Waipawa,NZ,-41.4122,175.5153,54.73,88,94,11.45,overcast clouds
410,Aviles,ES,43.5547,-5.9248,57.18,84,0,5.75,clear sky
411,Pucallpa,PE,-8.3791,-74.5539,87.84,66,40,2.3,scattered clouds
412,Alice Springs,AU,-23.7,133.8833,54.95,54,5,0.0,clear sky
413,Novodugino,RU,55.6305,34.2842,28.58,79,100,18.61,overcast clouds
414,Maarianhamina,AX,60.0973,19.9348,31.86,55,0,9.22,clear sky
415,Phan Thiet,VN,10.9333,108.1,77.9,85,2,2.66,clear sky
416,Itaqui,BR,-29.1253,-56.5531,73.89,58,100,9.91,overcast clouds
417,Doaba,PK,33.4244,70.7364,69.4,24,0,4.12,clear sky
418,Chingirlau,KZ,51.095,54.0814,28.76,95,100,8.75,overcast clouds
419,Turukhansk,RU,65.8167,87.9833,20.53,96,100,4.56,light snow
420,Nouadhibou,MR,20.931,-17.0347,64.38,82,0,14.97,clear sky
421,Bandar-E Anzali,IR,37.4727,49.4622,50.11,89,100,2.37,overcast clouds
422,Rio Gallegos,AR,-51.6226,-69.2181,64.45,36,75,17.27,broken clouds
423,Lalibela,ET,12.0333,39.0333,62.33,51,9,8.16,clear sky
424,Kishi,NG,9.0833,3.85,88.54,14,57,4.65,broken clouds
425,Cockburn Town,TC,21.4612,-71.1419,82.36,57,40,13.8,scattered clouds
426,Puerto Del Rosario,ES,28.5004,-13.8627,65.95,72,20,0.0,few clouds
427,Lewistown,US,40.5992,-77.5714,47.14,81,75,10.36,broken clouds
428,Ahuimanu,US,21.4447,-157.8378,77.77,62,20,11.5,few clouds
429,Mandera,KE,3.9366,41.867,88.11,44,37,5.32,scattered clouds
430,Russell,US,32.3502,-85.1999,69.08,20,0,13.8,clear sky
431,Morgan Hill,US,37.1305,-121.6544,76.89,40,0,3.0,clear sky
432,Constitucion,CL,-35.3333,-72.4167,61.38,68,66,9.08,broken clouds
433,Zabaykalsk,RU,49.6333,117.3167,17.69,72,11,15.41,few clouds
434,Komsomolskiy,UZ,40.4272,71.7189,54.32,71,75,2.3,broken clouds
435,Mecca,SA,21.4267,39.8261,68.61,49,0,9.01,clear sky
436,Ahipara,NZ,-35.1667,173.1667,64.8,78,0,7.31,clear sky
437,Tyrma,RU,50.0833,132.1667,23.43,94,100,2.86,overcast clouds
438,San Luis,AR,-33.295,-66.3356,79.9,16,0,10.09,clear sky
439,Pisco,PE,-13.7,-76.2167,71.65,64,0,6.91,light rain
440,Sembe,CG,1.6481,14.5806,76.6,64,97,2.44,overcast clouds
441,Gwanda,ZW,-20.9333,29.0,64.76,95,100,7.9,light rain
442,Visconde Do Rio Branco,BR,-21.0103,-42.8406,83.64,72,22,6.08,few clouds
443,Hobbs,US,32.7026,-103.136,84.2,10,0,1.99,clear sky
444,Richards Bay,ZA,-28.783,32.0377,69.98,91,17,6.26,few clouds
445,Faya,SA,18.3851,42.4509,63.12,45,1,4.54,clear sky
446,Thio,NC,-21.6167,166.2167,67.96,80,93,8.37,overcast clouds
447,Ciudad Bolivar,VE,8.1222,-63.5497,86.99,50,100,9.91,overcast clouds
448,Veraval,IN,20.9,70.3667,78.22,68,2,10.85,clear sky
449,Bac Lieu,VN,9.285,105.7244,81.79,79,3,5.23,clear sky
450,Karratha,AU,-20.7377,116.8463,82.83,70,48,10.8,scattered clouds
451,Korem,ET,12.5058,39.5228,54.1,79,78,3.53,broken clouds
452,Sorland,NO,67.667,12.6934,32.54,52,100,1.01,overcast clouds
453,Akhisar,TR,38.9185,27.8401,42.58,69,0,5.06,clear sky
454,Otjiwarongo,NA,-20.4637,16.6477,66.65,39,0,4.45,clear sky
455,Paamiut,GL,61.994,-49.6678,27.54,81,2,13.2,clear sky
456,Oriximina,BR,-1.7656,-55.8661,82.78,83,48,3.15,scattered clouds
457,Caravelas,BR,-17.7125,-39.2481,81.01,75,8,8.14,clear sky
458,Shushtar,IR,32.0455,48.8567,62.53,31,0,8.08,clear sky
459,Kljajicevo,RS,45.7704,19.2777,46.33,44,0,6.15,clear sky
460,Jining,CN,35.405,116.5814,57.0,1,100,21.68,overcast clouds
461,Pringsewu,ID,-5.3582,104.9744,74.46,97,91,2.68,overcast clouds
462,Yulara,AU,-25.2406,130.9889,66.04,32,1,5.75,clear sky
463,Alamo,MX,20.9167,-97.6833,85.64,23,3,11.3,clear sky
464,Kerema,PG,-7.9631,145.7785,77.27,85,100,5.06,overcast clouds
465,Shingu,JP,33.7333,135.9833,58.23,93,86,3.47,overcast clouds
466,Choctaw,US,35.4976,-97.2689,72.25,23,0,9.22,clear sky
467,Westport,US,41.1415,-73.3579,52.47,72,75,10.36,broken clouds
468,Ugoofaaru,MV,5.6667,73.0,81.79,65,1,4.59,clear sky
469,Skjervoy,NO,70.0311,20.9714,24.8,55,100,16.75,light snow
470,Mogadishu,SO,2.0371,45.3438,81.54,80,31,10.02,light rain
471,Omboue,GA,-1.5746,9.2618,79.99,88,92,7.29,overcast clouds
472,Tezu,IN,27.9167,96.1667,65.8,85,100,4.43,overcast clouds
473,Bose,IT,45.4612,8.0137,55.29,33,4,5.86,clear sky
474,Pingzhuang,CN,42.0372,119.2889,30.67,24,0,8.68,clear sky
475,Kilindoni,TZ,-7.9139,39.6668,83.14,76,3,8.68,clear sky
476,Yaan,NG,7.3833,8.5667,89.89,19,18,4.85,few clouds
477,Tokur,RU,53.1333,132.9,13.19,84,100,6.46,overcast clouds
478,Misratah,LY,32.3754,15.0925,62.17,63,71,25.48,broken clouds
479,Vagur,FO,61.4732,-6.8119,47.28,88,100,21.18,overcast clouds
480,Hokitika,NZ,-42.7167,170.9667,58.96,65,7,3.94,clear sky
481,Lompoc,US,34.6391,-120.4579,78.01,75,0,6.91,clear sky
482,Ibiruba,BR,-28.6275,-53.0897,67.39,74,99,8.39,overcast clouds
483,Andenes,NO,69.3143,16.1194,28.38,80,75,13.8,broken clouds
484,Camabatela,AO,-8.1881,15.375,62.89,95,100,0.18,light rain
485,Beoumi,CI,7.6736,-5.5764,85.77,56,76,4.72,broken clouds
486,Talcahuano,CL,-36.7167,-73.1167,60.48,67,100,8.05,overcast clouds
487,Isoka,ZM,-10.1606,32.6335,64.02,96,41,1.45,light rain
488,Huayang,CN,34.4155,109.9939,39.34,39,72,1.83,broken clouds
489,Beringovskiy,RU,63.05,179.3167,1.33,99,99,4.25,overcast clouds
490,Albanel,CA,48.8832,-72.4487,33.78,69,100,1.14,overcast clouds
491,Vao,NC,-22.6667,167.4833,76.06,75,84,12.15,broken clouds
492,Praia Da Vitoria,PT,38.7333,-27.0667,61.05,94,75,24.11,broken clouds
493,Rajampet,IN,14.1833,79.1667,78.24,81,0,3.2,clear sky
494,Dothan,US,31.2232,-85.3905,71.47,33,0,17.27,clear sky
495,Qasigiannguit,GL,68.8193,-51.1922,16.05,79,100,2.37,overcast clouds
496,Marzuq,YE,14.4,46.4667,67.26,54,9,5.59,clear sky
497,Hondo,JP,32.45,130.2,56.61,82,82,5.86,broken clouds
498,Darhan,MN,49.4867,105.9228,25.27,30,0,7.02,clear sky
499,Purmerend,NL,52.505,4.9597,52.23,80,7,3.0,clear sky
500,Oga,IT,46.4631,10.347,40.96,76,14,1.16,few clouds
501,Muros,ES,42.7762,-9.0603,59.09,77,100,4.7,overcast clouds
502,Suez,EG,29.9737,32.5263,58.98,41,0,10.33,clear sky
503,Vardo,NO,70.3705,31.1107,27.19,58,100,27.18,light snow
504,Praia,CV,14.9215,-23.5087,72.14,64,40,19.57,scattered clouds
505,Lodwar,KE,3.1191,35.5973,87.3,45,72,15.79,broken clouds
506,Brownsville,US,25.9018,-97.4975,87.8,34,0,18.41,clear sky
507,Sfantu Gheorghe,RO,45.8667,25.7833,45.66,64,78,5.23,broken clouds
508,Saurimo,AO,-9.6608,20.3916,66.54,94,89,2.1,light rain
509,Mbaiki,CF,3.8678,17.9892,77.94,50,24,1.88,few clouds
510,Hami,CN,42.8,93.45,46.0,29,75,4.34,broken clouds
511,Doembang Nangbuat,TH,14.8333,100.1,83.14,71,73,7.99,light rain
512,Zhigansk,RU,66.7697,123.3711,1.11,98,100,8.37,overcast clouds
513,Yumen,CN,40.2833,97.2,40.14,32,0,7.05,clear sky
514,Plouzane,FR,48.3833,-4.6167,57.25,72,0,10.36,mist
515,Sandy Bay,AU,-42.913,147.3532,55.29,94,75,5.75,fog
516,Isangel,VU,-19.55,169.2667,78.62,77,91,8.14,overcast clouds
517,Skelleftea,SE,64.7507,20.9528,26.96,33,100,5.75,overcast clouds
518,Valparaiso,CL,-33.0393,-71.6273,64.04,70,75,9.22,broken clouds
519,Mayo,US,38.8876,-76.5119,54.95,49,75,12.66,broken clouds
520,Hove,GB,50.8309,-0.1672,53.33,62,0,15.01,clear sky
521,Marsa Matruh,EG,31.3525,27.2453,57.4,77,0,6.91,clear sky
522,Redlands,US,34.0556,-117.1825,88.93,22,40,0.0,scattered clouds
523,Kruisfontein,ZA,-34.0033,24.7314,63.88,88,79,3.53,broken clouds
524,Nikel,RU,69.4128,30.222,23.18,78,100,20.69,light snow
525,Vallenar,CL,-28.5708,-70.7581,82.9,25,0,8.34,clear sky
526,Voh,NC,-20.9667,164.7,73.69,86,89,4.61,overcast clouds
527,Junction City,US,39.0286,-96.8314,58.6,27,0,8.05,clear sky
528,Huarmey,PE,-10.0681,-78.1522,75.52,72,62,9.91,broken clouds
529,North Bend,US,43.4065,-124.2243,67.24,85,40,6.91,scattered clouds
530,Omsukchan,RU,62.5333,155.8,-6.12,98,100,3.33,overcast clouds
531,Nieuw Nickerie,SR,5.95,-56.9833,80.31,74,96,13.2,overcast clouds
532,Gobabis,NA,-22.45,18.9667,72.97,47,100,9.35,overcast clouds
533,Esso,RU,55.9333,158.7,-2.11,97,43,5.91,scattered clouds
534,Werda,BW,-25.2667,23.2833,73.15,53,7,6.71,clear sky
535,Oussouye,SN,12.485,-16.5469,84.38,50,39,11.63,scattered clouds
536,Tilichiki,RU,60.4667,166.1,1.87,95,43,2.64,scattered clouds
537,Urucara,BR,-2.5364,-57.76,81.16,90,92,4.79,heavy intensity rain
538,Karpathos,GR,35.507,27.2132,57.16,58,0,18.41,clear sky
539,Espinosa,BR,-14.9261,-42.8192,88.95,38,4,5.26,clear sky
540,Honiara,SB,-9.4333,159.95,75.47,96,100,1.48,light rain
541,Whitehaven,GB,54.549,-3.5841,54.66,62,89,1.01,overcast clouds
542,Sokur,RU,55.2093,83.319,8.96,100,75,2.48,broken clouds
543,Slave Lake,CA,55.2834,-114.769,22.98,86,100,13.8,overcast clouds
544,Mugur-Aksy,RU,50.35,90.5,5.72,70,99,6.76,overcast clouds
545,Flinders,AU,-34.5833,150.8552,62.38,94,100,5.01,light rain
546,Tungor,RU,53.3808,142.9564,28.26,97,100,16.35,light snow
547,Varadero,CU,23.1536,-81.2514,77.76,64,43,13.89,scattered clouds
548,Manica,FR,49.0,-1.1667,46.33,84,0,6.82,clear sky
549,Thabazimbi,ZA,-24.5917,27.4116,66.2,86,31,4.03,scattered clouds
550,Lokomotivnyy,RU,53.0118,60.5684,-1.35,100,99,5.1,overcast clouds
551,Ca Mau,VN,9.1769,105.15,79.92,80,0,3.15,clear sky
552,Lagos,NG,6.5833,3.75,82.78,82,24,6.87,few clouds
553,Garmsar,IR,35.2182,52.3409,53.56,24,0,6.6,clear sky
554,Baykit,RU,61.67,96.37,15.04,88,100,12.41,overcast clouds
555,Adre,TD,13.4667,22.2,74.39,12,11,19.15,few clouds
556,Almaznyy,RU,48.0448,40.045,40.8,67,61,23.11,broken clouds
557,Bobenheim-Roxheim,DE,49.5875,8.3578,57.33,49,0,3.44,clear sky
558,Cadillac,US,44.2519,-85.4012,25.79,80,100,19.57,overcast clouds
559,Casper,US,42.8666,-106.3131,66.81,23,0,4.61,clear sky
560,Lac Du Bonnet,CA,50.2536,-96.0612,9.37,55,6,13.27,clear sky
561,Nome,US,64.5011,-165.4064,13.15,85,40,0.0,scattered clouds
562,Kurilsk,RU,45.2333,147.8833,41.79,92,100,26.71,light rain
563,Zhicheng,CN,30.2956,111.5047,58.3,74,100,1.79,overcast clouds
564,Basco,PH,20.4487,121.9702,80.35,78,0,4.21,clear sky
565,Rocha,UY,-34.4833,-54.3333,67.15,79,72,15.99,broken clouds
566,Priiskovyy,RU,51.9333,116.6333,16.12,93,99,1.79,overcast clouds
567,Khani,GE,41.9563,42.9566,31.57,96,83,4.0,broken clouds
568,Huangmei,CN,30.1924,116.025,55.81,90,100,2.37,overcast clouds
569,Chekhov,RU,55.1431,37.4711,35.85,91,53,11.68,broken clouds
570,Cruz Alta,BR,-28.6386,-53.6064,66.6,76,76,11.14,broken clouds
571,San Juan,AR,-31.5375,-68.5364,83.84,12,0,3.96,clear sky
572,Ixtapa,MX,20.7,-105.2,78.03,53,0,10.36,clear sky
573,Fonte Boa,BR,-2.4959,-66.2662,80.44,94,100,1.14,overcast clouds
574,Adrar,MR,20.5022,-10.0711,77.34,15,1,5.23,clear sky
575,Palu,ID,-0.8917,119.8707,74.61,91,97,2.44,overcast clouds
576,Broome,US,42.2506,-75.833,49.08,60,100,9.22,overcast clouds
577,Cavalcante,BR,-13.7975,-47.4583,77.9,65,90,1.03,overcast clouds
578,Charters Towers,AU,-20.1,146.2667,67.87,95,27,2.93,scattered clouds
579,Seoul,KR,37.5683,126.9778,40.6,87,0,6.91,clear sky
580,Kendari,ID,-3.945,122.4989,74.53,95,91,3.36,overcast clouds
581,Lamar,US,33.6668,-95.5836,76.35,27,0,5.75,clear sky
582,Mascote,BR,-15.5631,-39.3025,85.51,67,5,6.42,clear sky
583,Jalu,LY,29.0331,21.5482,62.42,20,0,10.27,clear sky
584,Manaure,CO,11.7751,-72.4445,84.47,66,96,18.28,overcast clouds
585,Eureka,US,40.8021,-124.1637,71.67,66,100,3.0,overcast clouds
586,Miles City,US,46.4083,-105.8406,47.37,27,0,16.11,clear sky
587,Huanren,CN,41.2647,125.3667,35.64,59,100,5.68,overcast clouds
588,Sorong,ID,-0.8833,131.25,78.4,85,36,1.7,light rain
589,Canon City,US,38.441,-105.2424,79.39,14,40,24.16,scattered clouds
590,Beian,NO,63.6559,9.5683,35.56,86,100,6.91,light rain and snow
591,Robertsport,LR,6.7533,-11.3686,80.37,87,31,7.92,scattered clouds
592,Mincivan,AZ,39.0294,46.7185,40.05,88,81,3.69,broken clouds
593,Moussoro,TD,13.6408,16.4901,80.17,10,61,16.53,broken clouds
594,Duluth,US,46.7833,-92.1066,29.55,42,0,17.27,clear sky
595,Sai Buri,TH,6.7013,101.6168,77.59,89,4,3.31,clear sky
596,Liyang,CN,29.7057,118.2862,52.32,94,100,1.05,overcast clouds
597,Straubing,DE,48.8833,12.5667,52.12,41,1,4.43,clear sky
598,Dongning,CN,44.0622,131.1207,33.48,78,6,8.41,clear sky
599,Salta,AR,-24.7859,-65.4117,75.79,38,20,8.05,few clouds
600,Mpika,ZM,-11.8343,31.4529,63.63,95,96,3.65,overcast clouds
601,Moose Factory,CA,51.2585,-80.6094,17.6,79,100,16.11,snow
602,Sooke,CA,48.3746,-123.7276,49.77,91,100,14.97,overcast clouds
603,Nha Trang,VN,12.25,109.1833,78.8,88,1,3.76,clear sky
604,Kidal,ML,18.4411,1.4078,88.12,10,32,12.39,scattered clouds
605,Vostok,RU,46.4856,135.8833,24.75,96,100,5.88,light snow
606,Maningrida,AU,-12.0667,134.2667,74.37,87,70,4.23,broken clouds
607,Balkanabat,TM,39.5108,54.3671,46.63,61,10,8.7,clear sky
608,Klyuchi,RU,52.2667,79.1667,15.98,90,100,12.37,overcast clouds
609,Noshiro,JP,40.2039,140.0242,46.6,89,100,15.26,overcast clouds
610,San Cristobal,VE,7.7669,-72.225,84.38,50,100,6.46,overcast clouds
611,Ust-Koksa,RU,50.2696,85.6108,19.22,83,100,0.78,overcast clouds
612,Rosetta,EG,31.4044,30.4164,56.97,73,0,12.3,clear sky
613,Veracruz,MX,19.3333,-96.6667,81.01,29,91,8.61,overcast clouds
614,Tigre,AR,-34.426,-58.5796,75.18,65,75,11.5,broken clouds
615,Cape Canaveral,US,28.4058,-80.6048,81.01,35,0,17.27,clear sky
616,Naliya,IN,23.2667,68.8333,78.15,66,0,8.95,clear sky
617,Tonantins,BR,-2.8731,-67.8022,77.65,96,100,1.43,overcast clouds
618,Nang Rong,TH,14.6377,102.7914,82.85,62,11,6.02,light rain
619,Greymouth,NZ,-42.4667,171.2,55.71,77,8,5.48,clear sky
620,Craig,US,40.5153,-107.5464,57.15,35,0,0.0,clear sky
621,Tambo,PE,-14.8,-73.9167,42.44,83,100,10.74,overcast clouds
622,Bergisch Gladbach,DE,50.9833,7.1333,58.41,54,0,3.44,clear sky
623,Benguela,AO,-12.5763,13.4055,77.9,83,98,5.93,overcast clouds
624,Lodhran,PK,29.5405,71.6336,80.11,8,0,5.41,clear sky
625,Yima,CN,34.7381,111.8839,50.29,36,100,7.29,overcast clouds
626,Jumla,NP,29.2747,82.1838,45.52,44,0,4.38,clear sky
627,Wanning,CN,18.8003,110.3967,76.96,96,45,7.67,scattered clouds
628,Roald,NO,62.5833,6.1333,45.75,75,75,11.5,broken clouds
629,Moranbah,AU,-22.0016,148.0466,68.07,95,3,8.63,clear sky
630,Tautira,PF,-17.7333,-149.15,81.34,75,76,14.5,broken clouds
631,Mantua,IT,45.1667,10.7833,58.24,49,0,1.01,clear sky
632,Port-Gentil,GA,-0.7193,8.7815,82.36,89,40,10.36,scattered clouds
633,Morant Bay,JM,17.8815,-76.4093,85.62,66,59,8.88,broken clouds
634,Waddan,LY,29.1614,16.139,63.52,13,0,17.63,clear sky
635,Capaci,IT,38.1711,13.2393,64.0,51,0,14.97,clear sky
636,Espinal,CO,4.1492,-74.8843,85.59,57,60,1.3,broken clouds
637,Alyangula,AU,-13.8483,136.4192,73.27,94,100,0.0,overcast clouds
638,Pakxan,LA,18.3778,103.6601,77.07,75,42,3.42,scattered clouds
639,Lusambo,CD,-4.9667,23.45,73.99,78,100,2.04,overcast clouds
640,Frunze,UA,48.6686,38.7544,48.47,51,100,24.81,overcast clouds
641,Santo Antonio Do Ica,BR,-3.1022,-67.9397,78.24,96,100,1.63,overcast clouds
642,Reconquista,AR,-29.15,-59.65,77.7,46,0,6.78,clear sky
643,Lahaina,US,20.8783,-156.6825,71.94,97,66,13.35,broken clouds
644,Ostrovnoy,RU,68.0531,39.5131,22.14,61,100,17.0,light snow
645,Marsabit,KE,2.3284,37.9899,69.3,70,40,8.59,light rain
646,Margate,GB,51.3813,1.3862,48.69,85,4,5.01,clear sky
647,Bonthe,SL,7.5264,-12.505,79.56,82,100,9.4,overcast clouds
648,Liverpool,GB,53.4106,-2.9779,59.65,59,0,9.22,clear sky
649,Hualmay,PE,-11.0964,-77.6139,74.77,72,100,9.6,overcast clouds
650,Zhaotong,CN,27.3167,103.7167,35.78,99,100,3.65,overcast clouds
651,Tabat,ID,-2.635,115.2274,74.25,96,58,1.28,light rain
652,Chalus,IR,36.655,51.4204,47.66,100,20,0.0,few clouds
653,Belyy Yar,RU,53.6039,91.3903,26.85,64,0,8.95,clear sky
654,Ucluelet,CA,48.9329,-125.5528,50.09,88,100,1.01,overcast clouds
655,Rocky Mountain House,CA,52.3668,-114.9188,32.11,74,100,6.91,overcast clouds
656,Yambio,SS,4.5721,28.3955,77.86,46,84,3.94,broken clouds
657,Agadez,NE,19.75,10.25,74.61,11,86,8.32,overcast clouds
658,Gazli,UZ,40.1333,63.45,48.11,51,18,8.72,few clouds
